"id","date","confirmed","deaths","recovered","tests","vaccines","people_vaccinated","people_fully_vaccinated","hosp","icu","vent","school_closing","workplace_closing","cancel_events","gatherings_restrictions","transport_closing","stay_home_restrictions","internal_movement_restrictions","international_movement_restrictions","information_campaigns","testing_policy","contact_tracing","facial_coverings","vaccination_policy","elderly_people_protection","government_response_index","stringency_index","containment_health_index","economic_support_index","administrative_area_level","administrative_area_level_1","administrative_area_level_2","administrative_area_level_3","latitude","longitude","population","iso_alpha_3","iso_alpha_2","iso_numeric","iso_currency","key_local","key_google_mobility","key_apple_mobility","key_jhu_csse","key_nuts","key_gadm"
"59a13ceb",2021-10-01,43583808,700583,NA,587533446,403886993,215517064,191249414,67124,19272,NA,-2,-2,-2,-4,-1,-1,-1,3,2,3,1,-3,5,-2,57.29,56.02,61.9,25,1,"United States",NA,NA,38,-97,326687501,"USA","US",840,"USD",NA,"ChIJCzYy5IS16lQRQrfeQ5K5Oxw","United States","US",NA,"USA"
"59a13ceb",2021-10-02,43628030,701231,NA,588857395,404520007,215689867,191458832,64834,18942,NA,-2,-2,-2,-4,-1,-1,-1,3,2,3,1,-3,5,-2,57.29,56.02,61.9,25,1,"United States",NA,NA,38,-97,326687501,"USA","US",840,"USD",NA,"ChIJCzYy5IS16lQRQrfeQ5K5Oxw","United States","US",NA,"USA"
"59a13ceb",2021-10-03,43653869,701480,NA,589663327,404887722,215794698,191590843,64381,18770,NA,-2,-2,-2,-4,-1,-1,-1,3,2,3,1,-3,5,-2,57.29,56.02,61.9,25,1,"United States",NA,NA,38,-97,326687501,"USA","US",840,"USD",NA,"ChIJCzYy5IS16lQRQrfeQ5K5Oxw","United States","US",NA,"USA"
"59a13ceb",2021-10-04,43826568,703515,NA,590941951,405877686,216040463,191850361,64487,18674,NA,-2,-2,-2,-4,-1,-1,-1,3,2,3,1,-3,5,-2,54.17,56.02,61.9,0,1,"United States",NA,NA,38,-97,326687501,"USA","US",840,"USD",NA,"ChIJCzYy5IS16lQRQrfeQ5K5Oxw","United States","US",NA,"USA"
"59a13ceb",2021-10-05,43925170,705543,NA,592793690,406899995,216283362,192109770,63508,18261,NA,-2,-2,-2,-4,-1,-1,-1,3,2,3,1,-3,5,-2,54.17,56.02,61.9,0,1,"United States",NA,NA,38,-97,326687501,"USA","US",840,"USD",NA,"ChIJCzYy5IS16lQRQrfeQ5K5Oxw","United States","US",NA,"USA"
"59a13ceb",2021-10-06,44051125,708073,NA,594779001,407939137,216530781,192371601,62376,17911,NA,-2,-2,-2,-4,-1,-1,-1,3,2,3,1,-3,5,-2,54.17,56.02,61.9,0,1,"United States",NA,NA,38,-97,326687501,"USA","US",840,"USD",NA,"ChIJCzYy5IS16lQRQrfeQ5K5Oxw","United States","US",NA,"USA"
"59a13ceb",2021-10-07,44156527,710522,NA,596689435,408979171,216783643,192634033,61095,17482,NA,-2,-2,-2,-4,-1,-1,-1,3,2,3,1,-3,5,-2,54.17,56.02,61.9,0,1,"United States",NA,NA,38,-97,326687501,"USA","US",840,"USD",NA,"ChIJCzYy5IS16lQRQrfeQ5K5Oxw","United States","US",NA,"USA"
"59a13ceb",2021-10-08,44269453,712967,NA,598482563,410145635,217068128,192951440,59461,17010,NA,-2,-2,-2,-4,-1,-1,-1,3,2,3,1,-3,5,-2,54.17,56.02,61.9,0,1,"United States",NA,NA,38,-97,326687501,"USA","US",840,"USD",NA,"ChIJCzYy5IS16lQRQrfeQ5K5Oxw","United States","US",NA,"USA"
"59a13ceb",2021-10-09,44306787,713480,NA,599723471,410683469,217214118,193121271,57940,17374,NA,-2,-2,-2,-4,-1,-1,-1,3,2,3,1,-3,5,-2,54.17,56.02,61.9,0,1,"United States",NA,NA,38,-97,326687501,"USA","US",840,"USD",NA,"ChIJCzYy5IS16lQRQrfeQ5K5Oxw","United States","US",NA,"USA"
"59a13ceb",2021-10-10,44329826,713961,NA,600452331,410999645,217305742,193227790,57496,17888,NA,-2,-2,-2,-4,-1,-1,-1,3,2,3,1,-3,5,-2,54.17,56.02,61.9,0,1,"United States",NA,NA,38,-97,326687501,"USA","US",840,"USD",NA,"ChIJCzYy5IS16lQRQrfeQ5K5Oxw","United States","US",NA,"USA"
"59a13ceb",2021-10-11,44453506,715123,NA,601612264,411856804,217528325,193450839,57618,17902,NA,-2,-2,-2,-4,-1,-1,-1,3,2,3,1,-3,5,-2,54.17,56.02,61.9,0,1,"United States",NA,NA,38,-97,326687501,"USA","US",840,"USD",NA,"ChIJCzYy5IS16lQRQrfeQ5K5Oxw","United States","US",NA,"USA"
"59a13ceb",2021-10-12,44565082,717648,NA,603277273,412791100,217755705,193687958,56985,17755,NA,-2,-2,-2,-4,-1,-1,-1,3,2,3,1,-3,5,-2,54.17,56.02,61.9,0,1,"United States",NA,NA,38,-97,326687501,"USA","US",840,"USD",NA,"ChIJCzYy5IS16lQRQrfeQ5K5Oxw","United States","US",NA,"USA"
"59a13ceb",2021-10-13,44671639,719887,NA,605144973,413705981,217982038,193919983,55885,17534,NA,-2,-2,-2,-4,-1,-1,-1,3,2,3,1,-3,5,-2,54.17,56.02,61.9,0,1,"United States",NA,NA,38,-97,326687501,"USA","US",840,"USD",NA,"ChIJCzYy5IS16lQRQrfeQ5K5Oxw","United States","US",NA,"USA"
"59a13ceb",2021-10-14,44760608,721929,NA,607030749,414623956,218206799,194151759,54564,17069,NA,-2,-2,-2,-4,-1,-1,-1,3,2,3,1,-3,5,-2,54.17,56.02,61.9,0,1,"United States",NA,NA,38,-97,326687501,"USA","US",840,"USD",NA,"ChIJCzYy5IS16lQRQrfeQ5K5Oxw","United States","US",NA,"USA"
"59a13ceb",2021-10-15,44859168,724104,NA,608753642,415685974,218466840,194433414,53358,16724,NA,-2,-2,-2,-4,-1,-1,-1,3,2,3,1,-3,5,-2,54.17,56.02,61.9,0,1,"United States",NA,NA,38,-97,326687501,"USA","US",840,"USD",NA,"ChIJCzYy5IS16lQRQrfeQ5K5Oxw","United States","US",NA,"USA"
"59a13ceb",2021-10-16,44892709,724491,NA,609955554,416180608,218606466,194580519,51837,16201,NA,-2,-2,-2,-4,-1,-1,-1,3,2,3,1,-3,5,-2,54.17,56.02,61.9,0,1,"United States",NA,NA,38,-97,326687501,"USA","US",840,"USD",NA,"ChIJCzYy5IS16lQRQrfeQ5K5Oxw","United States","US",NA,"USA"
"59a13ceb",2021-10-17,44914861,724673,NA,610657424,416451351,218689124,194666055,51504,16038,NA,-2,-2,-2,-4,-1,-1,-1,3,2,3,1,-3,5,-2,54.17,56.02,61.9,0,1,"United States",NA,NA,38,-97,326687501,"USA","US",840,"USD",NA,"ChIJCzYy5IS16lQRQrfeQ5K5Oxw","United States","US",NA,"USA"
"59a13ceb",2021-10-18,45036894,726545,NA,611893348,417288397,218910214,194879797,51723,16213,NA,-2,-2,-2,-4,-1,-1,-1,3,2,3,1,-3,5,-2,54.17,56.02,61.9,0,1,"United States",NA,NA,38,-97,326687501,"USA","US",840,"USD",NA,"ChIJCzYy5IS16lQRQrfeQ5K5Oxw","United States","US",NA,"USA"
"59a13ceb",2021-10-19,45120577,728682,NA,613618584,418117162,219110873,195074723,50595,15980,NA,-2,-2,-2,-4,-1,-1,-1,3,2,3,1,-3,5,-2,54.17,56.02,61.9,0,1,"United States",NA,NA,38,-97,326687501,"USA","US",840,"USD",NA,"ChIJCzYy5IS16lQRQrfeQ5K5Oxw","United States","US",NA,"USA"
"59a13ceb",2021-10-20,45207199,731688,NA,615509727,418961219,219312415,195271580,49311,15678,NA,-2,-2,-2,-4,-1,-1,-1,3,2,3,1,-3,5,-2,54.17,56.02,61.9,0,1,"United States",NA,NA,38,-97,326687501,"USA","US",840,"USD",NA,"ChIJCzYy5IS16lQRQrfeQ5K5Oxw","United States","US",NA,"USA"
"59a13ceb",2021-10-21,45289145,733564,NA,617357108,419828289,219517647,195471258,48405,15312,NA,-2,-2,-2,-4,-1,-1,-1,3,2,3,1,-3,5,-2,54.17,56.02,61.9,0,1,"United States",NA,NA,38,-97,326687501,"USA","US",840,"USD",NA,"ChIJCzYy5IS16lQRQrfeQ5K5Oxw","United States","US",NA,"USA"
"59a13ceb",2021-10-22,45376442,735699,NA,618981265,421215375,219806819,195718953,47454,15078,NA,-2,-2,-2,-4,-1,-1,-1,3,2,3,1,-3,5,-2,54.17,56.02,61.9,0,1,"United States",NA,NA,38,-97,326687501,"USA","US",840,"USD",NA,"ChIJCzYy5IS16lQRQrfeQ5K5Oxw","United States","US",NA,"USA"
"59a13ceb",2021-10-23,45406266,736148,NA,620089945,422047233,219980866,195852850,46398,14681,NA,-2,-2,-2,-4,-1,-1,-1,3,2,3,1,-3,5,-2,54.17,56.02,61.9,0,1,"United States",NA,NA,38,-97,326687501,"USA","US",840,"USD",NA,"ChIJCzYy5IS16lQRQrfeQ5K5Oxw","United States","US",NA,"USA"
"59a13ceb",2021-10-24,45423368,736296,NA,620726801,422521697,220087374,195933466,46114,14445,NA,-2,-2,-2,-4,-1,-1,-1,3,2,3,1,-3,5,-2,54.17,56.02,61.9,0,1,"United States",NA,NA,38,-97,326687501,"USA","US",840,"USD",NA,"ChIJCzYy5IS16lQRQrfeQ5K5Oxw","United States","US",NA,"USA"
"59a13ceb",2021-10-25,45528929,737709,NA,621887519,424056124,220386048,196137998,46380,14612,NA,-2,-2,-2,-4,-1,-1,-1,3,2,3,1,-3,5,-2,54.17,56.02,61.9,0,1,"United States",NA,NA,38,-97,326687501,"USA","US",840,"USD",NA,"ChIJCzYy5IS16lQRQrfeQ5K5Oxw","United States","US",NA,"USA"
"59a13ceb",2021-10-26,45616352,739445,NA,623575979,425629237,220680098,196340394,45821,14543,NA,-2,-2,-2,-4,-1,-1,-1,3,2,3,1,-3,5,-2,54.17,56.02,61.9,0,1,"United States",NA,NA,38,-97,326687501,"USA","US",840,"USD",NA,"ChIJCzYy5IS16lQRQrfeQ5K5Oxw","United States","US",NA,"USA"
"59a13ceb",2021-10-27,45710896,741460,NA,625385614,427261430,220982546,196548535,45003,14398,NA,-2,-2,-2,-4,-1,-1,-1,3,2,3,1,-3,5,-2,54.17,56.02,61.9,0,1,"United States",NA,NA,38,-97,326687501,"USA","US",840,"USD",NA,"ChIJCzYy5IS16lQRQrfeQ5K5Oxw","United States","US",NA,"USA"
"59a13ceb",2021-10-28,45797081,743242,NA,627085015,428881867,221274781,196759347,44195,14100,NA,-2,-2,-2,-4,-1,-1,-1,3,2,3,1,-3,5,-2,54.17,56.02,61.9,0,1,"United States",NA,NA,38,-97,326687501,"USA","US",840,"USD",NA,"ChIJCzYy5IS16lQRQrfeQ5K5Oxw","United States","US",NA,"USA"
"59a13ceb",2021-10-29,45885804,745262,NA,628647631,430682193,221596374,196999520,43513,12455,NA,-2,-2,-2,-4,-1,-1,-1,3,2,3,1,-3,5,-2,54.17,56.02,61.9,0,1,"United States",NA,NA,38,-97,326687501,"USA","US",840,"USD",NA,"ChIJCzYy5IS16lQRQrfeQ5K5Oxw","United States","US",NA,"USA"
"59a13ceb",2021-10-30,45915215,745586,NA,629707879,431506109,221760811,197118946,42766,12152,NA,-2,-2,-2,-4,-1,-1,-1,3,2,3,1,-3,5,-2,54.17,56.02,61.9,0,1,"United States",NA,NA,38,-97,326687501,"USA","US",840,"USD",NA,"ChIJCzYy5IS16lQRQrfeQ5K5Oxw","United States","US",NA,"USA"
"59a13ceb",2021-10-31,45934098,745743,NA,630324949,431946209,221859871,197189532,42513,12092,NA,-2,-2,-2,-4,-1,-1,-1,3,2,3,1,-3,5,-2,54.17,56.02,61.9,0,1,"United States",NA,NA,38,-97,326687501,"USA","US",840,"USD",NA,"ChIJCzYy5IS16lQRQrfeQ5K5Oxw","United States","US",NA,"USA"
"59a13ceb",2021-11-01,46058668,746894,NA,631386671,433444390,222142648,197386877,42623,12108,NA,-2,-2,-2,-4,-1,-1,-1,3,2,3,1,-3,5,-2,54.17,56.02,61.9,0,1,"United States",NA,NA,38,-97,326687501,"USA","US",840,"USD",NA,"ChIJCzYy5IS16lQRQrfeQ5K5Oxw","United States","US",NA,"USA"
"59a13ceb",2021-11-02,46135611,748410,NA,633035855,434958974,222422701,197575919,42291,11947,NA,-2,-2,-2,-4,-1,-1,-1,3,2,3,1,-3,5,-2,54.17,56.02,61.9,0,1,"United States",NA,NA,38,-97,326687501,"USA","US",840,"USD",NA,"ChIJCzYy5IS16lQRQrfeQ5K5Oxw","United States","US",NA,"USA"
"59a13ceb",2021-11-03,46220455,750290,NA,634939123,436541172,222731712,197769728,41982,11766,NA,-2,-2,-2,-4,-1,-1,-1,3,2,3,1,-3,5,-2,54.17,56.02,61.9,0,1,"United States",NA,NA,38,-97,326687501,"USA","US",840,"USD",NA,"ChIJCzYy5IS16lQRQrfeQ5K5Oxw","United States","US",NA,"USA"
"59a13ceb",2021-11-04,46303542,751413,NA,636701895,438196460,223079500,197966156,41357,11555,NA,-2,-2,-2,-4,-1,-1,-1,3,2,3,1,-3,5,-2,54.17,56.02,61.9,0,1,"United States",NA,NA,38,-97,326687501,"USA","US",840,"USD",NA,"ChIJCzYy5IS16lQRQrfeQ5K5Oxw","United States","US",NA,"USA"
"59a13ceb",2021-11-05,46395310,753734,NA,638301460,440131095,223531971,198197751,40945,11341,NA,-2,-2,-2,-4,-1,-1,-1,3,2,3,1,-3,5,-2,54.17,56.02,61.9,0,1,"United States",NA,NA,38,-97,326687501,"USA","US",840,"USD",NA,"ChIJCzYy5IS16lQRQrfeQ5K5Oxw","United States","US",NA,"USA"
"59a13ceb",2021-11-06,46427249,754136,NA,639424618,441180031,223925115,198318371,40176,11231,NA,-2,-2,-2,-4,-1,-1,-1,3,2,3,1,-3,5,-2,54.17,56.02,61.9,0,1,"United States",NA,NA,38,-97,326687501,"USA","US",840,"USD",NA,"ChIJCzYy5IS16lQRQrfeQ5K5Oxw","United States","US",NA,"USA"
"59a13ceb",2021-11-07,46449334,754268,NA,640262608,441742532,224154283,198390691,40472,11210,NA,-2,-2,-2,-4,-1,-1,-1,3,2,3,1,-3,5,-2,54.17,56.02,61.9,0,1,"United States",NA,NA,38,-97,326687501,"USA","US",840,"USD",NA,"ChIJCzYy5IS16lQRQrfeQ5K5Oxw","United States","US",NA,"USA"
"59a13ceb",2021-11-08,46575795,755489,NA,641517444,443222436,224624952,198565243,41349,11332,NA,-2,-2,-2,-4,-1,-1,-1,4,2,3,1,-3,5,-2,55.73,58.8,63.69,0,1,"United States",NA,NA,38,-97,326687501,"USA","US",840,"USD",NA,"ChIJCzYy5IS16lQRQrfeQ5K5Oxw","United States","US",NA,"USA"
"59a13ceb",2021-11-09,46659446,757205,NA,643391637,444877385,225145831,198731849,41731,11356,NA,-2,-2,-2,-4,-1,-1,-1,4,2,3,1,-3,5,-2,55.73,58.8,63.69,0,1,"United States",NA,NA,38,-97,326687501,"USA","US",840,"USD",NA,"ChIJCzYy5IS16lQRQrfeQ5K5Oxw","United States","US",NA,"USA"
"59a13ceb",2021-11-10,46757836,758841,NA,645226707,446669529,225720436,198903170,41806,11289,NA,-2,-2,-2,-4,-1,-1,-1,4,2,3,1,-3,5,-2,55.73,58.8,63.69,0,1,"United States",NA,NA,38,-97,326687501,"USA","US",840,"USD",NA,"ChIJCzYy5IS16lQRQrfeQ5K5Oxw","United States","US",NA,"USA"
"59a13ceb",2021-11-11,46822437,759563,NA,646964180,448283191,226267954,199056211,41718,11280,NA,-2,-2,-2,-4,-1,-1,-1,4,2,3,1,-3,5,-2,55.73,58.8,63.69,0,1,"United States",NA,NA,38,-97,326687501,"USA","US",840,"USD",NA,"ChIJCzYy5IS16lQRQrfeQ5K5Oxw","United States","US",NA,"USA"
"59a13ceb",2021-11-12,46951788,761624,NA,648459331,450291224,226905978,199255654,41633,11271,NA,-2,-2,-2,-4,-1,-1,-1,4,2,3,1,-3,5,-2,55.73,58.8,63.69,0,1,"United States",NA,NA,38,-97,326687501,"USA","US",840,"USD",NA,"ChIJCzYy5IS16lQRQrfeQ5K5Oxw","United States","US",NA,"USA"
"59a13ceb",2021-11-13,47013185,762092,NA,649578778,451477104,227443147,199359066,41372,11296,NA,-2,-2,-2,-4,-1,-1,-1,4,2,3,1,-3,5,-2,55.73,58.8,63.69,0,1,"United States",NA,NA,38,-97,326687501,"USA","US",840,"USD",NA,"ChIJCzYy5IS16lQRQrfeQ5K5Oxw","United States","US",NA,"USA"
"59a13ceb",2021-11-14,47036794,762234,NA,650356478,452060853,227683592,199420091,41872,11264,NA,-2,-2,-2,-4,-1,-1,-1,4,2,3,1,-3,5,-2,55.73,58.8,63.69,0,1,"United States",NA,NA,38,-97,326687501,"USA","US",840,"USD",NA,"ChIJCzYy5IS16lQRQrfeQ5K5Oxw","United States","US",NA,"USA"
"59a13ceb",2021-11-15,47185418,763425,NA,651619561,453628557,228141363,199588431,43286,11534,NA,-2,-2,-2,-4,-1,-1,-1,4,2,3,1,-3,5,-2,55.73,58.8,63.69,0,1,"United States",NA,NA,38,-97,326687501,"USA","US",840,"USD",NA,"ChIJCzYy5IS16lQRQrfeQ5K5Oxw","United States","US",NA,"USA"
"59a13ceb",2021-11-16,47275904,764871,NA,653480451,455327598,228627031,199756260,44008,11600,NA,-2,-2,-2,-4,-1,-1,-1,4,2,3,1,-3,5,-2,55.73,58.8,63.69,0,1,"United States",NA,NA,38,-97,326687501,"USA","US",840,"USD",NA,"ChIJCzYy5IS16lQRQrfeQ5K5Oxw","United States","US",NA,"USA"
"59a13ceb",2021-11-17,47390261,766489,NA,655449439,457104744,229131008,199929214,44366,11664,NA,-2,-2,-2,-4,-1,-1,-1,4,2,3,1,-3,5,-2,55.73,58.8,63.69,0,1,"United States",NA,NA,38,-97,326687501,"USA","US",840,"USD",NA,"ChIJCzYy5IS16lQRQrfeQ5K5Oxw","United States","US",NA,"USA"
"59a13ceb",2021-11-18,47500534,769820,NA,657347669,458909854,229634338,200101172,45095,11792,NA,-2,-2,-2,-4,-1,-1,-1,4,2,3,1,-3,5,-2,55.73,58.8,63.69,0,1,"United States",NA,NA,38,-97,326687501,"USA","US",840,"USD",NA,"ChIJCzYy5IS16lQRQrfeQ5K5Oxw","United States","US",NA,"USA"
"59a13ceb",2021-11-19,47620182,771811,NA,659019699,461005300,230214152,200297271,45157,11823,NA,-2,-2,-2,-4,-1,-1,-1,4,2,3,1,-3,5,-2,55.73,58.8,63.69,0,1,"United States",NA,NA,38,-97,326687501,"USA","US",840,"USD",NA,"ChIJCzYy5IS16lQRQrfeQ5K5Oxw","United States","US",NA,"USA"
"59a13ceb",2021-11-20,47661246,772136,NA,660164042,462249187,230672731,200398867,44825,11785,NA,-2,-2,-2,-4,-1,-1,-1,4,2,3,1,-3,5,-2,55.73,58.8,63.69,0,1,"United States",NA,NA,38,-97,326687501,"USA","US",840,"USD",NA,"ChIJCzYy5IS16lQRQrfeQ5K5Oxw","United States","US",NA,"USA"
"59a13ceb",2021-11-21,47692618,772259,NA,660927267,462901077,230878658,200459760,45373,11973,NA,-2,-2,-2,-4,-1,-1,-1,4,2,3,1,-3,5,-2,55.73,58.8,63.69,0,1,"United States",NA,NA,38,-97,326687501,"USA","US",840,"USD",NA,"ChIJCzYy5IS16lQRQrfeQ5K5Oxw","United States","US",NA,"USA"
"59a13ceb",2021-11-22,47851516,773402,NA,662081804,464734452,231364419,200632410,46834,12296,NA,-2,-2,-2,-4,-1,-1,-1,4,2,3,1,-3,5,-2,55.73,58.8,63.69,0,1,"United States",NA,NA,38,-97,326687501,"USA","US",840,"USD",NA,"ChIJCzYy5IS16lQRQrfeQ5K5Oxw","United States","US",NA,"USA"
"59a13ceb",2021-11-23,47944287,774880,NA,663708162,466539837,231850511,200798230,47703,12329,NA,-2,-2,-2,-4,-1,-1,-1,4,2,3,1,-3,5,-2,55.73,58.8,63.69,0,1,"United States",NA,NA,38,-97,326687501,"USA","US",840,"USD",NA,"ChIJCzYy5IS16lQRQrfeQ5K5Oxw","United States","US",NA,"USA"
"59a13ceb",2021-11-24,48064179,776516,NA,665368750,467939626,232249488,200953884,47901,12448,NA,-2,-2,-2,-4,-1,-1,-1,4,2,3,1,-3,5,-2,55.73,58.8,63.69,0,1,"United States",NA,NA,38,-97,326687501,"USA","US",840,"USD",NA,"ChIJCzYy5IS16lQRQrfeQ5K5Oxw","United States","US",NA,"USA"
"59a13ceb",2021-11-25,48095032,776893,NA,666124965,467968514,232258113,200959279,47297,12471,NA,-2,-2,-2,-4,-1,-1,-1,4,2,3,1,-3,5,-2,55.73,58.8,63.69,0,1,"United States",NA,NA,38,-97,326687501,"USA","US",840,"USD",NA,"ChIJCzYy5IS16lQRQrfeQ5K5Oxw","United States","US",NA,"USA"
"59a13ceb",2021-11-26,48146557,777437,NA,666889564,469185096,232566801,201137966,48189,12654,NA,-2,-2,-2,-4,-1,-1,-1,4,2,3,1,-3,5,-2,55.73,58.8,63.69,0,1,"United States",NA,NA,38,-97,326687501,"USA","US",840,"USD",NA,"ChIJCzYy5IS16lQRQrfeQ5K5Oxw","United States","US",NA,"USA"
"59a13ceb",2021-11-27,48171236,777629,NA,667795793,470085451,232782807,201340421,49069,12849,NA,-2,-2,-2,-4,-1,-1,-1,4,2,3,1,-3,5,-2,55.73,58.8,63.69,0,1,"United States",NA,NA,38,-97,326687501,"USA","US",840,"USD",NA,"ChIJCzYy5IS16lQRQrfeQ5K5Oxw","United States","US",NA,"USA"
"59a13ceb",2021-11-28,48195186,777750,NA,668615319,470681203,232921984,201490976,50165,13105,NA,-2,-2,-2,-4,-1,-1,-1,4,2,3,1,-3,5,-2,55.73,58.8,63.69,0,1,"United States",NA,NA,38,-97,326687501,"USA","US",840,"USD",NA,"ChIJCzYy5IS16lQRQrfeQ5K5Oxw","United States","US",NA,"USA"
"59a13ceb",2021-11-29,48411498,779624,NA,669984103,472360978,233270154,201857600,51813,13379,NA,-2,-2,-2,-4,-1,-1,-1,4,2,3,1,-3,5,-2,55.73,58.8,63.69,0,1,"United States",NA,NA,38,-97,326687501,"USA","US",840,"USD",NA,"ChIJCzYy5IS16lQRQrfeQ5K5Oxw","United States","US",NA,"USA"
"59a13ceb",2021-11-30,48520792,781183,NA,671877951,474307320,233670627,202254787,52644,13545,NA,-2,-2,-2,-3,-1,-1,-1,4,2,3,1,-3,5,-2,54.17,56.02,61.9,0,1,"United States",NA,NA,38,-97,326687501,"USA","US",840,"USD",NA,"ChIJCzYy5IS16lQRQrfeQ5K5Oxw","United States","US",NA,"USA"
"59a13ceb",2021-12-01,48660112,783149,NA,673848613,476506275,234126287,202673381,53311,13671,NA,-2,-2,-2,-3,-1,-1,-1,4,2,3,1,-3,5,-2,54.17,56.02,61.9,0,1,"United States",NA,NA,38,-97,326687501,"USA","US",840,"USD",NA,"ChIJCzYy5IS16lQRQrfeQ5K5Oxw","United States","US",NA,"USA"
"59a13ceb",2021-12-02,48798824,784506,NA,675895951,478696445,234568941,203072543,53587,13772,NA,-2,-2,-2,-3,-1,-1,-1,4,2,3,1,-3,5,-2,54.17,56.02,61.9,0,1,"United States",NA,NA,38,-97,326687501,"USA","US",840,"USD",NA,"ChIJCzYy5IS16lQRQrfeQ5K5Oxw","United States","US",NA,"USA"
"59a13ceb",2021-12-03,48952069,786667,NA,677833193,481168259,235050396,203571685,54392,13888,NA,-2,-2,-2,-3,-1,-1,-1,4,2,3,1,-3,5,-2,54.17,56.02,61.9,0,1,"United States",NA,NA,38,-97,326687501,"USA","US",840,"USD",NA,"ChIJCzYy5IS16lQRQrfeQ5K5Oxw","United States","US",NA,"USA"
"59a13ceb",2021-12-04,49010213,787157,NA,679203444,482665747,235347526,204033119,54572,13942,NA,-2,-2,-2,-3,-1,-1,-1,4,2,3,1,-3,5,-2,54.17,56.02,61.9,0,1,"United States",NA,NA,38,-97,326687501,"USA","US",840,"USD",NA,"ChIJCzYy5IS16lQRQrfeQ5K5Oxw","United States","US",NA,"USA"
"59a13ceb",2021-12-05,49044786,787318,NA,680022002,483402693,235511067,204225458,55670,14149,NA,-2,-2,-2,-3,-1,-1,-1,4,2,3,1,-3,5,-2,54.17,56.02,61.9,0,1,"United States",NA,NA,38,-97,326687501,"USA","US",840,"USD",NA,"ChIJCzYy5IS16lQRQrfeQ5K5Oxw","United States","US",NA,"USA"
"59a13ceb",2021-12-06,49242230,788660,NA,681317036,485252179,235895079,204555177,57447,14455,NA,-2,-2,-2,-3,-1,-1,-1,4,2,3,1,-3,5,-2,54.17,56.02,61.9,0,1,"United States",NA,NA,38,-97,326687501,"USA","US",840,"USD",NA,"ChIJCzYy5IS16lQRQrfeQ5K5Oxw","United States","US",NA,"USA"
"59a13ceb",2021-12-07,49356227,790434,NA,683265512,487180161,236292336,204901288,58938,14771,NA,-2,-2,-2,-3,-1,-1,-1,4,2,3,1,-3,5,-2,54.17,56.02,61.9,0,1,"United States",NA,NA,38,-97,326687501,"USA","US",840,"USD",NA,"ChIJCzYy5IS16lQRQrfeQ5K5Oxw","United States","US",NA,"USA"
"59a13ceb",2021-12-08,49505272,792313,NA,685318658,489124273,236693805,205258336,59721,14901,NA,-2,-2,-2,-3,-1,-1,-1,4,2,3,1,-3,5,-2,54.17,56.02,61.9,0,1,"United States",NA,NA,38,-97,326687501,"USA","US",840,"USD",NA,"ChIJCzYy5IS16lQRQrfeQ5K5Oxw","United States","US",NA,"USA"
"59a13ceb",2021-12-09,49628777,793608,NA,687235183,491066568,237091518,205601796,60371,14992,NA,-2,-2,-2,-3,-1,-1,-1,4,2,3,1,-3,5,-2,54.17,56.02,61.9,0,1,"United States",NA,NA,38,-97,326687501,"USA","US",840,"USD",NA,"ChIJCzYy5IS16lQRQrfeQ5K5Oxw","United States","US",NA,"USA"
"59a13ceb",2021-12-10,49793839,795711,NA,689087758,493201476,237511352,206005359,61162,15236,NA,-2,-2,-2,-3,-1,-1,-1,4,2,3,1,-3,5,-2,54.17,56.02,61.9,0,1,"United States",NA,NA,38,-97,326687501,"USA","US",840,"USD",NA,"ChIJCzYy5IS16lQRQrfeQ5K5Oxw","United States","US",NA,"USA"
"59a13ceb",2021-12-11,49845184,796127,NA,690392308,494468646,237775058,206346679,60921,15326,NA,-2,-2,-2,-3,-1,-1,-1,4,2,3,1,-3,5,-2,54.17,56.02,61.9,0,1,"United States",NA,NA,38,-97,326687501,"USA","US",840,"USD",NA,"ChIJCzYy5IS16lQRQrfeQ5K5Oxw","United States","US",NA,"USA"
"59a13ceb",2021-12-12,49881540,796322,NA,691202643,495104450,237924185,206477852,61722,15595,NA,-2,-2,-2,-3,-1,-1,-1,4,2,3,1,-3,5,-2,54.17,56.02,61.9,0,1,"United States",NA,NA,38,-97,326687501,"USA","US",840,"USD",NA,"ChIJCzYy5IS16lQRQrfeQ5K5Oxw","United States","US",NA,"USA"
"59a13ceb",2021-12-13,50084423,797611,NA,692563758,496734751,238266018,206760174,63084,15914,NA,-2,-2,-2,-3,-1,-1,-1,4,2,3,1,-3,5,-2,54.17,56.02,61.9,0,1,"United States",NA,NA,38,-97,326687501,"USA","US",840,"USD",NA,"ChIJCzYy5IS16lQRQrfeQ5K5Oxw","United States","US",NA,"USA"
"59a13ceb",2021-12-14,50201282,799345,NA,694536128,498471231,238628599,207051111,63244,15993,NA,-2,-2,-2,-3,-1,-1,-1,4,2,3,1,-3,5,-2,54.17,56.02,61.9,0,1,"United States",NA,NA,38,-97,326687501,"USA","US",840,"USD",NA,"ChIJCzYy5IS16lQRQrfeQ5K5Oxw","United States","US",NA,"USA"
"59a13ceb",2021-12-15,50346558,801438,NA,696659360,500208159,239002051,207315772,63226,15896,NA,-2,-2,-2,-3,-1,-1,-1,4,2,3,1,-3,5,-2,54.17,56.02,61.9,0,1,"United States",NA,NA,38,-97,326687501,"USA","US",840,"USD",NA,"ChIJCzYy5IS16lQRQrfeQ5K5Oxw","United States","US",NA,"USA"
"59a13ceb",2021-12-16,50492877,802601,NA,698753993,501913034,239386915,207487392,63105,15909,NA,-2,-2,-2,-3,-1,-1,-1,4,2,3,1,-3,5,-2,54.17,56.02,61.9,0,1,"United States",NA,NA,38,-97,326687501,"USA","US",840,"USD",NA,"ChIJCzYy5IS16lQRQrfeQ5K5Oxw","United States","US",NA,"USA"
"59a13ceb",2021-12-17,50664022,804697,NA,700749979,503869033,239815058,207743038,63090,15941,NA,-2,-2,-2,-3,-1,-1,-1,4,2,3,1,-3,5,-2,54.17,56.02,61.9,0,1,"United States",NA,NA,38,-97,326687501,"USA","US",840,"USD",NA,"ChIJCzYy5IS16lQRQrfeQ5K5Oxw","United States","US",NA,"USA"
"59a13ceb",2021-12-18,50738685,805171,NA,702233211,504997627,240099688,207907211,62004,15906,NA,-2,-2,-2,-3,-1,-1,-1,4,2,3,1,-3,5,-2,54.17,56.02,61.9,0,1,"United States",NA,NA,38,-97,326687501,"USA","US",840,"USD",NA,"ChIJCzYy5IS16lQRQrfeQ5K5Oxw","United States","US",NA,"USA"
"59a13ceb",2021-12-19,50811164,805334,NA,703274121,505642000,240266661,207989612,62545,15983,NA,-2,-2,-2,-3,-1,-1,-1,4,2,3,1,-3,5,-2,54.17,56.02,61.9,0,1,"United States",NA,NA,38,-97,326687501,"USA","US",840,"USD",NA,"ChIJCzYy5IS16lQRQrfeQ5K5Oxw","United States","US",NA,"USA"
"59a13ceb",2021-12-20,51114064,806753,NA,704852303,507496113,240702754,208218110,63764,16210,NA,-2,-2,-2,-3,-1,-1,-1,4,2,3,1,-3,5,-2,54.17,56.02,61.9,0,1,"United States",NA,NA,38,-97,326687501,"USA","US",840,"USD",NA,"ChIJCzYy5IS16lQRQrfeQ5K5Oxw","United States","US",NA,"USA"
"59a13ceb",2021-12-21,51303535,808841,NA,707071273,509481996,241163220,208462315,64086,16148,NA,-2,-2,-2,-3,-1,-1,-1,4,2,3,1,-3,5,-2,54.17,56.02,61.9,0,1,"United States",NA,NA,38,-97,326687501,"USA","US",840,"USD",NA,"ChIJCzYy5IS16lQRQrfeQ5K5Oxw","United States","US",NA,"USA"
"59a13ceb",2021-12-22,51547227,810927,NA,709491742,511360793,241605832,208703114,65043,16251,NA,-2,-2,-2,-3,-1,-1,-1,4,2,3,1,-3,5,-2,54.17,56.02,61.9,0,1,"United States",NA,NA,38,-97,326687501,"USA","US",840,"USD",NA,"ChIJCzYy5IS16lQRQrfeQ5K5Oxw","United States","US",NA,"USA"
"59a13ceb",2021-12-23,51812442,814211,NA,711898022,512833087,241970595,208882107,65661,16187,NA,-2,-2,-2,-3,-1,-1,-1,4,2,3,1,-3,5,-2,54.17,56.02,61.9,0,1,"United States",NA,NA,38,-97,326687501,"USA","US",840,"USD",NA,"ChIJCzYy5IS16lQRQrfeQ5K5Oxw","United States","US",NA,"USA"
"59a13ceb",2021-12-24,51996367,815213,NA,713685215,513216103,242072969,208939264,65821,16240,NA,-2,-2,-2,-3,-1,-1,-1,4,2,3,1,-3,5,-2,54.17,56.02,61.9,0,1,"United States",NA,NA,38,-97,326687501,"USA","US",840,"USD",NA,"ChIJCzYy5IS16lQRQrfeQ5K5Oxw","United States","US",NA,"USA"
"59a13ceb",2021-12-25,52054715,815312,NA,714632552,513222976,242075068,208940279,66446,16356,NA,-2,-2,-2,-3,-1,-1,-1,4,2,3,1,-3,5,-2,54.17,56.02,61.9,0,1,"United States",NA,NA,38,-97,326687501,"USA","US",840,"USD",NA,"ChIJCzYy5IS16lQRQrfeQ5K5Oxw","United States","US",NA,"USA"
"59a13ceb",2021-12-26,52244429,815391,NA,715600584,513705158,242205373,209024684,69732,16590,NA,-2,-2,-2,-3,-1,-1,-1,4,2,3,1,-3,5,-2,54.17,56.02,61.9,0,1,"United States",NA,NA,38,-97,326687501,"USA","US",840,"USD",NA,"ChIJCzYy5IS16lQRQrfeQ5K5Oxw","United States","US",NA,"USA"
"59a13ceb",2021-12-27,52787969,817134,NA,717318772,515242112,242596514,209257107,74692,17075,NA,-2,-2,-2,-4,-1,-1,-1,4,2,3,1,-3,5,-2,55.73,58.8,63.69,0,1,"United States",NA,NA,38,-97,326687501,"USA","US",840,"USD",NA,"ChIJCzYy5IS16lQRQrfeQ5K5Oxw","United States","US",NA,"USA"
"59a13ceb",2021-12-28,53168681,819630,NA,719633511,516947729,243028118,209501959,79671,17274,NA,-2,-2,-2,-4,-1,-1,-1,4,2,3,1,-3,5,-2,55.73,58.8,63.69,0,1,"United States",NA,NA,38,-97,326687501,"USA","US",840,"USD",NA,"ChIJCzYy5IS16lQRQrfeQ5K5Oxw","United States","US",NA,"USA"
"59a13ceb",2021-12-29,53657745,821731,NA,721977670,518635458,243459970,209741681,85506,17830,NA,-2,-2,-2,-4,-1,-1,-1,4,2,3,1,-3,5,-2,55.73,58.8,63.69,0,1,"United States",NA,NA,38,-97,326687501,"USA","US",840,"USD",NA,"ChIJCzYy5IS16lQRQrfeQ5K5Oxw","United States","US",NA,"USA"
"59a13ceb",2021-12-30,54242800,823141,NA,724341450,520181339,243861003,209958539,89961,18158,NA,-2,-2,-2,-4,-1,-1,-1,4,2,3,1,-3,5,-2,55.73,58.8,63.69,0,1,"United States",NA,NA,38,-97,326687501,"USA","US",840,"USD",NA,"ChIJCzYy5IS16lQRQrfeQ5K5Oxw","United States","US",NA,"USA"
"59a13ceb",2021-12-31,54689367,824336,NA,726359152,520799390,244022703,210053437,93776,18382,NA,-2,-2,-2,-4,-1,-1,-1,4,2,3,1,-3,5,-2,55.73,58.8,63.69,0,1,"United States",NA,NA,38,-97,326687501,"USA","US",840,"USD",NA,"ChIJCzYy5IS16lQRQrfeQ5K5Oxw","United States","US",NA,"USA"
"59a13ceb",2022-01-01,54850427,824609,NA,727619218,520914494,244057099,210070691,96560,18863,NA,-2,-2,-2,-4,-1,-1,-1,4,2,3,1,-3,5,-2,55.73,58.8,63.69,0,1,"United States",NA,NA,38,-97,326687501,"USA","US",840,"USD",NA,"ChIJCzYy5IS16lQRQrfeQ5K5Oxw","United States","US",NA,"USA"
"59a13ceb",2022-01-02,55137064,824841,NA,728965883,521413570,244192266,210162118,102693,19606,NA,-2,-2,-2,-4,-1,-1,-1,4,2,3,1,-3,5,-2,55.73,58.8,63.69,0,1,"United States",NA,NA,38,-97,326687501,"USA","US",840,"USD",NA,"ChIJCzYy5IS16lQRQrfeQ5K5Oxw","United States","US",NA,"USA"
"59a13ceb",2022-01-03,56155999,826491,NA,731226278,522662070,244529816,210361739,108778,20341,NA,-2,-2,-2,-4,-1,-1,-1,4,2,3,1,-3,5,-2,55.73,58.8,63.69,0,1,"United States",NA,NA,38,-97,326687501,"USA","US",840,"USD",NA,"ChIJCzYy5IS16lQRQrfeQ5K5Oxw","United States","US",NA,"USA"
"59a13ceb",2022-01-04,57041905,828853,NA,734174731,524084391,244898686,210578427,114863,21040,NA,-2,-2,-2,-4,-1,-1,-1,4,2,3,1,-3,5,-2,55.73,58.8,63.69,0,1,"United States",NA,NA,38,-97,326687501,"USA","US",840,"USD",NA,"ChIJCzYy5IS16lQRQrfeQ5K5Oxw","United States","US",NA,"USA"
"59a13ceb",2022-01-05,57745969,830981,NA,737376437,525544346,245274837,210794319,121461,21529,NA,-2,-2,-2,-4,-1,-1,-1,4,2,3,1,-3,5,-2,55.73,58.8,63.69,0,1,"United States",NA,NA,38,-97,326687501,"USA","US",840,"USD",NA,"ChIJCzYy5IS16lQRQrfeQ5K5Oxw","United States","US",NA,"USA"
"59a13ceb",2022-01-06,58505187,832953,NA,740557343,527012853,245642156,211009498,126993,22134,NA,-2,-2,-2,-4,-1,-1,-1,4,2,3,1,-3,5,-2,55.73,58.8,63.69,0,1,"United States",NA,NA,38,-97,326687501,"USA","US",840,"USD",NA,"ChIJCzYy5IS16lQRQrfeQ5K5Oxw","United States","US",NA,"USA"
"59a13ceb",2022-01-07,59405357,835637,NA,743473487,528669589,246038608,211258757,131875,22862,NA,-2,-2,-2,-4,-1,-1,-1,4,2,3,1,-3,5,-2,55.73,58.8,63.69,0,1,"United States",NA,NA,38,-97,326687501,"USA","US",840,"USD",NA,"ChIJCzYy5IS16lQRQrfeQ5K5Oxw","United States","US",NA,"USA"
"59a13ceb",2022-01-08,59851597,836327,NA,745673684,529722300,246311103,211436037,133605,23150,NA,-2,-2,-2,-4,-1,-1,-1,4,2,3,1,-3,5,-2,55.73,58.8,63.69,0,1,"United States",NA,NA,38,-97,326687501,"USA","US",840,"USD",NA,"ChIJCzYy5IS16lQRQrfeQ5K5Oxw","United States","US",NA,"USA"
"59a13ceb",2022-01-09,60166932,836728,NA,747331416,530222303,246451752,211512279,137280,23800,NA,-2,-2,-2,-4,-1,-1,-1,4,2,3,1,-3,5,-2,55.73,58.8,63.69,0,1,"United States",NA,NA,38,-97,326687501,"USA","US",840,"USD",NA,"ChIJCzYy5IS16lQRQrfeQ5K5Oxw","United States","US",NA,"USA"
"59a13ceb",2022-01-10,61600909,838412,NA,749470715,531487800,246779544,211705176,142248,24487,NA,-2,-2,-2,-4,-1,-1,-1,4,2,3,1,-3,5,-2,55.73,58.8,63.69,0,1,"United States",NA,NA,38,-97,326687501,"USA","US",840,"USD",NA,"ChIJCzYy5IS16lQRQrfeQ5K5Oxw","United States","US",NA,"USA"
"59a13ceb",2022-01-11,62370837,841092,NA,752161369,532802901,247115542,211909114,145834,25081,NA,-2,-2,-2,-4,-1,-1,-1,4,2,3,1,-3,5,-2,55.73,58.8,63.69,0,1,"United States",NA,NA,38,-97,326687501,"USA","US",840,"USD",NA,"ChIJCzYy5IS16lQRQrfeQ5K5Oxw","United States","US",NA,"USA"
"59a13ceb",2022-01-12,63251819,843853,NA,755093074,534124120,247453387,212112823,149670,25328,NA,-2,-2,-2,-4,-1,-1,-1,4,2,3,1,-3,5,-2,55.73,58.8,63.69,0,1,"United States",NA,NA,38,-97,326687501,"USA","US",840,"USD",NA,"ChIJCzYy5IS16lQRQrfeQ5K5Oxw","United States","US",NA,"USA"
"59a13ceb",2022-01-13,64120526,846110,NA,758116286,535424144,247787391,212304374,151006,25558,NA,-2,-2,-2,-4,-1,-1,-1,4,2,3,1,-3,5,-2,55.73,58.8,63.69,0,1,"United States",NA,NA,38,-97,326687501,"USA","US",840,"USD",NA,"ChIJCzYy5IS16lQRQrfeQ5K5Oxw","United States","US",NA,"USA"
"59a13ceb",2022-01-14,65053852,849101,NA,760943723,536901117,248163174,212481179,152033,25734,NA,-2,-2,-2,-4,-1,-1,-1,4,2,3,1,-3,5,-2,55.73,58.8,63.69,0,1,"United States",NA,NA,38,-97,326687501,"USA","US",840,"USD",NA,"ChIJCzYy5IS16lQRQrfeQ5K5Oxw","United States","US",NA,"USA"
"59a13ceb",2022-01-15,65477079,850099,NA,763008938,537694765,248388233,212569331,149500,25802,NA,-2,-2,-2,-4,-1,-1,-1,4,2,3,1,-3,5,-2,55.73,58.8,63.69,0,1,"United States",NA,NA,38,-97,326687501,"USA","US",840,"USD",NA,"ChIJCzYy5IS16lQRQrfeQ5K5Oxw","United States","US",NA,"USA"
"59a13ceb",2022-01-16,65814886,850509,NA,764383763,538087693,248493677,212627750,149995,25867,NA,-2,-2,-2,-4,-1,-1,-1,4,2,3,1,-3,5,-2,55.73,58.8,63.69,0,1,"United States",NA,NA,38,-97,326687501,"USA","US",840,"USD",NA,"ChIJCzYy5IS16lQRQrfeQ5K5Oxw","United States","US",NA,"USA"
"59a13ceb",2022-01-17,66526937,851283,NA,766120810,538917912,248707554,212769525,150895,26077,NA,-2,-2,-2,-4,-1,-1,-1,4,2,3,1,-3,5,-2,55.73,58.8,63.69,0,1,"United States",NA,NA,38,-97,326687501,"USA","US",840,"USD",NA,"ChIJCzYy5IS16lQRQrfeQ5K5Oxw","United States","US",NA,"USA"
"59a13ceb",2022-01-18,67705340,854268,NA,768716075,539923772,248959773,212960475,153220,26372,NA,-2,-2,-2,-4,-1,-1,-1,4,2,3,1,-3,5,-2,55.73,58.8,63.69,0,1,"United States",NA,NA,38,-97,326687501,"USA","US",840,"USD",NA,"ChIJCzYy5IS16lQRQrfeQ5K5Oxw","United States","US",NA,"USA"
"59a13ceb",2022-01-19,68557295,857644,NA,771675297,540909902,249207780,213149517,154497,26458,NA,-2,-2,-2,-4,-1,-1,-1,4,2,3,1,-3,5,-2,55.73,58.8,63.69,0,1,"United States",NA,NA,38,-97,326687501,"USA","US",840,"USD",NA,"ChIJCzYy5IS16lQRQrfeQ5K5Oxw","United States","US",NA,"USA"
"59a13ceb",2022-01-20,69305615,860316,NA,774469819,541853302,249445733,213328517,152923,26283,NA,-2,-2,-2,-4,-1,-1,-1,4,2,3,1,-3,5,-2,55.73,58.8,63.69,0,1,"United States",NA,NA,38,-97,326687501,"USA","US",840,"USD",NA,"ChIJCzYy5IS16lQRQrfeQ5K5Oxw","United States","US",NA,"USA"
"59a13ceb",2022-01-21,70130930,864182,NA,776947828,542943649,249720720,213492708,150229,26023,NA,-2,-2,-2,-4,-1,-1,-1,4,2,3,1,-3,5,-2,55.73,58.8,63.69,0,1,"United States",NA,NA,38,-97,326687501,"USA","US",840,"USD",NA,"ChIJCzYy5IS16lQRQrfeQ5K5Oxw","United States","US",NA,"USA"
"59a13ceb",2022-01-22,70468314,865116,NA,778696701,543568405,249891775,213576869,145688,25679,NA,-2,-2,-2,-4,-1,-1,-1,4,2,3,1,-3,5,-2,55.73,58.8,63.69,0,1,"United States",NA,NA,38,-97,326687501,"USA","US",840,"USD",NA,"ChIJCzYy5IS16lQRQrfeQ5K5Oxw","United States","US",NA,"USA"
"59a13ceb",2022-01-23,70667795,865687,NA,779841938,543901939,249982559,213641706,144777,25528,NA,-2,-2,-2,-4,-1,-1,-1,4,2,3,1,-3,5,-2,55.73,58.8,63.69,0,1,"United States",NA,NA,38,-97,326687501,"USA","US",840,"USD",NA,"ChIJCzYy5IS16lQRQrfeQ5K5Oxw","United States","US",NA,"USA"
"59a13ceb",2022-01-24,71699954,867866,NA,781403998,544704118,250184963,213803772,144760,25562,NA,-2,-2,-2,-4,-1,-1,-1,4,2,3,1,-3,5,-2,55.73,58.8,63.69,0,1,"United States",NA,NA,38,-97,326687501,"USA","US",840,"USD",NA,"ChIJCzYy5IS16lQRQrfeQ5K5Oxw","United States","US",NA,"USA"
"59a13ceb",2022-01-25,72210867,870838,NA,783349059,545513108,250387586,213981202,143297,25311,NA,-2,-2,-2,-4,-1,-1,-1,4,2,3,1,-3,5,-2,55.73,58.8,63.69,0,1,"United States",NA,NA,38,-97,326687501,"USA","US",840,"USD",NA,"ChIJCzYy5IS16lQRQrfeQ5K5Oxw","United States","US",NA,"USA"
"59a13ceb",2022-01-26,72895313,874733,NA,785439617,546311143,250586947,214162408,141674,25073,NA,-2,-2,-2,-4,-1,-1,-1,4,2,3,1,-3,5,-2,55.73,58.8,63.69,0,1,"United States",NA,NA,38,-97,326687501,"USA","US",840,"USD",NA,"ChIJCzYy5IS16lQRQrfeQ5K5Oxw","United States","US",NA,"USA"
"59a13ceb",2022-01-27,73425577,877824,NA,787485088,547107008,250783812,214339803,137503,24470,NA,-2,-2,-2,-4,-1,-1,-1,4,2,3,1,-3,5,-2,55.73,58.8,63.69,0,1,"United States",NA,NA,38,-97,326687501,"USA","US",840,"USD",NA,"ChIJCzYy5IS16lQRQrfeQ5K5Oxw","United States","US",NA,"USA"
"59a13ceb",2022-01-28,73981352,881703,NA,789372114,548069392,251012500,214552913,133318,24021,NA,-2,-2,-2,-4,-1,-1,-1,4,2,3,1,-3,5,-2,55.73,58.8,63.69,0,1,"United States",NA,NA,38,-97,326687501,"USA","US",840,"USD",NA,"ChIJCzYy5IS16lQRQrfeQ5K5Oxw","United States","US",NA,"USA"
"59a13ceb",2022-01-29,74223465,883009,NA,790598136,548542870,251132677,214666637,127041,23432,NA,-2,-2,-2,-4,-1,-1,-1,4,2,3,1,-3,5,-2,55.73,58.8,63.69,0,1,"United States",NA,NA,38,-97,326687501,"USA","US",840,"USD",NA,"ChIJCzYy5IS16lQRQrfeQ5K5Oxw","United States","US",NA,"USA"
"59a13ceb",2022-01-30,74327523,883370,NA,791361923,548809334,251204546,214734542,125816,23196,NA,-2,-2,-2,-4,-1,-1,-1,4,2,3,1,-3,5,-2,55.73,58.8,63.69,0,1,"United States",NA,NA,38,-97,326687501,"USA","US",840,"USD",NA,"ChIJCzYy5IS16lQRQrfeQ5K5Oxw","United States","US",NA,"USA"
"59a13ceb",2022-01-31,74989495,885943,NA,792609107,549444156,251363325,214894810,124054,22909,NA,-2,-2,-2,-4,-1,-1,-1,4,2,3,1,-3,5,-2,55.73,58.8,63.69,0,1,"United States",NA,NA,38,-97,326687501,"USA","US",840,"USD",NA,"ChIJCzYy5IS16lQRQrfeQ5K5Oxw","United States","US",NA,"USA"
"59a13ceb",2022-02-01,75285900,889525,NA,794381865,550064517,251512094,215056667,120533,22670,NA,-2,-2,-2,-4,-1,-1,-1,4,2,3,1,-3,5,-2,55.73,58.8,63.69,0,1,"United States",NA,NA,38,-97,326687501,"USA","US",840,"USD",NA,"ChIJCzYy5IS16lQRQrfeQ5K5Oxw","United States","US",NA,"USA"
"59a13ceb",2022-02-02,75610929,893156,NA,796274005,550641330,251656278,215213032,117190,21913,NA,-2,-2,-2,-4,-1,-1,-1,4,2,3,1,-3,5,-2,55.73,58.8,63.69,0,1,"United States",NA,NA,38,-97,326687501,"USA","US",840,"USD",NA,"ChIJCzYy5IS16lQRQrfeQ5K5Oxw","United States","US",NA,"USA"
"59a13ceb",2022-02-03,75923171,896178,NA,797874731,551166181,251785226,215354606,112678,21330,NA,-2,-2,-2,-4,-1,-1,-1,4,2,3,1,-3,5,-2,55.73,58.8,63.69,0,1,"United States",NA,NA,38,-97,326687501,"USA","US",840,"USD",NA,"ChIJCzYy5IS16lQRQrfeQ5K5Oxw","United States","US",NA,"USA"
"59a13ceb",2022-02-04,76236151,900154,NA,799357630,551827539,251937756,215540834,107689,20576,NA,-2,-2,-2,-4,-1,-1,-1,4,2,3,1,-3,5,-2,55.73,58.8,63.69,0,1,"United States",NA,NA,38,-97,326687501,"USA","US",840,"USD",NA,"ChIJCzYy5IS16lQRQrfeQ5K5Oxw","United States","US",NA,"USA"
"59a13ceb",2022-02-05,76359918,901022,NA,800476134,552269241,252046571,215675444,101694,19642,NA,-2,-2,-2,-4,-1,-1,-1,4,2,3,1,-3,5,-2,55.73,58.8,63.69,0,1,"United States",NA,NA,38,-97,326687501,"USA","US",840,"USD",NA,"ChIJCzYy5IS16lQRQrfeQ5K5Oxw","United States","US",NA,"USA"
"59a13ceb",2022-02-06,76418395,901400,NA,801109105,552484305,252105664,215737246,99087,19280,NA,-2,-2,-2,-4,-1,-1,-1,4,2,3,1,-3,5,-2,55.73,58.8,63.69,0,1,"United States",NA,NA,38,-97,326687501,"USA","US",840,"USD",NA,"ChIJCzYy5IS16lQRQrfeQ5K5Oxw","United States","US",NA,"USA"
"59a13ceb",2022-02-07,76766514,904139,NA,802360160,552972042,252234257,215871069,97280,18979,NA,-2,-2,-2,-4,-1,-1,-1,4,2,3,1,-3,5,-2,55.73,58.8,63.69,0,1,"United States",NA,NA,38,-97,326687501,"USA","US",840,"USD",NA,"ChIJCzYy5IS16lQRQrfeQ5K5Oxw","United States","US",NA,"USA"
"59a13ceb",2022-02-08,76961010,907497,NA,804007683,553478176,252360721,216018276,93609,18351,NA,-2,-2,-2,-4,-1,-1,-1,4,2,3,1,-3,5,-2,55.73,58.8,63.69,0,1,"United States",NA,NA,38,-97,326687501,"USA","US",840,"USD",NA,"ChIJCzYy5IS16lQRQrfeQ5K5Oxw","United States","US",NA,"USA"
"59a13ceb",2022-02-09,77187359,911067,NA,805569797,553993943,252491244,216165420,90113,17716,NA,-2,-2,-2,-4,-1,-1,-1,4,2,3,1,-3,5,-2,55.73,58.8,63.69,0,1,"United States",NA,NA,38,-97,326687501,"USA","US",840,"USD",NA,"ChIJCzYy5IS16lQRQrfeQ5K5Oxw","United States","US",NA,"USA"
"59a13ceb",2022-02-10,77360952,914328,NA,807040293,554507804,252620075,216306981,86034,17044,NA,-2,-2,-2,-4,-1,-1,-1,4,2,3,1,-3,5,-2,55.73,58.8,63.69,0,1,"United States",NA,NA,38,-97,326687501,"USA","US",840,"USD",NA,"ChIJCzYy5IS16lQRQrfeQ5K5Oxw","United States","US",NA,"USA"
"59a13ceb",2022-02-11,77530775,917135,NA,808445919,555136802,252771849,216483211,81494,16121,NA,-2,-2,-2,-4,-1,-1,-1,4,2,3,1,-3,5,-2,55.73,58.8,63.69,0,1,"United States",NA,NA,38,-97,326687501,"USA","US",840,"USD",NA,"ChIJCzYy5IS16lQRQrfeQ5K5Oxw","United States","US",NA,"USA"
"59a13ceb",2022-02-12,77594737,917896,NA,809333628,555486093,252862244,216586961,76818,15437,NA,-2,-2,-2,-4,-1,-1,-1,4,2,3,1,-3,5,-2,55.73,58.8,63.69,0,1,"United States",NA,NA,38,-97,326687501,"USA","US",840,"USD",NA,"ChIJCzYy5IS16lQRQrfeQ5K5Oxw","United States","US",NA,"USA"
"59a13ceb",2022-02-13,77629125,918368,NA,809833333,555640492,252905142,216634070,74345,14886,NA,-2,-2,-2,-4,-1,-1,-1,4,2,3,1,-3,5,-2,55.73,58.8,63.69,0,1,"United States",NA,NA,38,-97,326687501,"USA","US",840,"USD",NA,"ChIJCzYy5IS16lQRQrfeQ5K5Oxw","United States","US",NA,"USA"
"59a13ceb",2022-02-14,77835449,920954,NA,810818134,555985480,252994230,216732968,72085,14391,NA,-2,-2,-2,-4,-1,-1,-1,4,2,3,1,-3,5,-2,55.73,58.8,63.69,0,1,"United States",NA,NA,38,-97,326687501,"USA","US",840,"USD",NA,"ChIJCzYy5IS16lQRQrfeQ5K5Oxw","United States","US",NA,"USA"
"59a13ceb",2022-02-15,77950961,923804,NA,812397574,556391106,253095267,216849713,68705,13814,NA,-2,-2,-2,-4,-1,-1,-1,4,2,3,1,-3,5,-2,55.73,58.8,63.69,0,1,"United States",NA,NA,38,-97,326687501,"USA","US",840,"USD",NA,"ChIJCzYy5IS16lQRQrfeQ5K5Oxw","United States","US",NA,"USA"
"59a13ceb",2022-02-16,78092141,927110,NA,814038641,556809437,253198720,216968112,65238,13146,NA,-2,-2,-2,-4,-1,-1,-1,4,2,3,1,-3,5,-2,55.73,58.8,63.69,0,1,"United States",NA,NA,38,-97,326687501,"USA","US",840,"USD",NA,"ChIJCzYy5IS16lQRQrfeQ5K5Oxw","United States","US",NA,"USA"
"59a13ceb",2022-02-17,78196006,930297,NA,815558797,557220996,253298330,217079313,61859,12545,NA,-2,-2,-2,-4,-1,-1,-1,4,2,3,1,-3,5,-2,55.73,58.8,63.69,0,1,"United States",NA,NA,38,-97,326687501,"USA","US",840,"USD",NA,"ChIJCzYy5IS16lQRQrfeQ5K5Oxw","United States","US",NA,"USA"
"59a13ceb",2022-02-18,78305615,932788,NA,816926605,557751606,253422579,217223599,58660,11922,NA,-2,-2,-2,-4,-1,-1,-1,4,2,3,1,-3,5,-2,55.73,58.8,63.69,0,1,"United States",NA,NA,38,-97,326687501,"USA","US",840,"USD",NA,"ChIJCzYy5IS16lQRQrfeQ5K5Oxw","United States","US",NA,"USA"
"59a13ceb",2022-02-19,78351826,933480,NA,817825587,558036042,253497027,217302704,54814,11237,NA,-2,-2,-2,-4,-1,-1,-1,4,2,3,1,-3,5,-2,55.73,58.8,63.69,0,1,"United States",NA,NA,38,-97,326687501,"USA","US",840,"USD",NA,"ChIJCzYy5IS16lQRQrfeQ5K5Oxw","United States","US",NA,"USA"
"59a13ceb",2022-02-20,78377993,933894,NA,818285082,558191391,253539306,217345188,52974,10777,NA,-2,-2,-2,-4,-1,-1,-1,4,2,3,1,-3,5,-2,55.73,58.8,63.69,0,1,"United States",NA,NA,38,-97,326687501,"USA","US",840,"USD",NA,"ChIJCzYy5IS16lQRQrfeQ5K5Oxw","United States","US",NA,"USA"
"59a13ceb",2022-02-21,78433652,934654,NA,819001368,558510706,253619254,217433777,51320,10453,NA,-2,-2,-2,-4,-1,-1,-1,4,2,3,1,-3,5,-2,55.73,58.8,63.69,0,1,"United States",NA,NA,38,-97,326687501,"USA","US",840,"USD",NA,"ChIJCzYy5IS16lQRQrfeQ5K5Oxw","United States","US",NA,"USA"
"59a13ceb",2022-02-22,78556769,937380,NA,820224304,558866790,253710080,217533510,49428,10174,NA,-2,-2,-2,-4,-1,-1,-1,4,2,3,1,-3,5,-2,55.73,58.8,63.69,0,1,"United States",NA,NA,38,-97,326687501,"USA","US",840,"USD",NA,"ChIJCzYy5IS16lQRQrfeQ5K5Oxw","United States","US",NA,"USA"
"59a13ceb",2022-02-23,78641313,940404,NA,821602495,559213155,253797658,217627494,47038,9622,NA,-2,-2,-2,-4,-1,-1,-1,4,2,3,1,-3,5,-2,55.73,58.8,63.69,0,1,"United States",NA,NA,38,-97,326687501,"USA","US",840,"USD",NA,"ChIJCzYy5IS16lQRQrfeQ5K5Oxw","United States","US",NA,"USA"
"59a13ceb",2022-02-24,78714719,943312,NA,822839137,559545518,253880596,217713785,44380,9113,NA,-2,-2,-2,-4,-1,-1,-1,4,2,3,1,-3,5,-2,55.73,58.8,63.69,0,1,"United States",NA,NA,38,-97,326687501,"USA","US",840,"USD",NA,"ChIJCzYy5IS16lQRQrfeQ5K5Oxw","United States","US",NA,"USA"
"59a13ceb",2022-02-25,78800705,946121,NA,823971491,559942907,253976586,217819966,42035,8605,NA,-2,-2,-2,-4,-1,-1,-1,4,2,3,1,-3,5,-2,55.73,58.8,63.69,0,1,"United States",NA,NA,38,-97,326687501,"USA","US",840,"USD",NA,"ChIJCzYy5IS16lQRQrfeQ5K5Oxw","United States","US",NA,"USA"
"59a13ceb",2022-02-26,78825927,946686,NA,824675471,560187605,254041720,217884962,39278,7998,NA,-2,-2,-2,-4,-1,-1,-1,4,2,3,1,-3,5,-2,55.73,58.8,63.69,0,1,"United States",NA,NA,38,-97,326687501,"USA","US",840,"USD",NA,"ChIJCzYy5IS16lQRQrfeQ5K5Oxw","United States","US",NA,"USA"
"59a13ceb",2022-02-27,78835013,946883,NA,825098976,560311617,254075691,217917085,37964,7595,NA,-2,-2,-2,-4,-1,-1,-1,4,2,3,1,-3,5,-2,55.73,58.8,63.69,0,1,"United States",NA,NA,38,-97,326687501,"USA","US",840,"USD",NA,"ChIJCzYy5IS16lQRQrfeQ5K5Oxw","United States","US",NA,"USA"
"59a13ceb",2022-02-28,78942813,948855,NA,825994580,560630273,254151931,217998736,36982,7358,NA,-2,-2,-2,-2,-1,-1,-1,4,2,3,1,-3,5,-2,52.6,53.24,60.12,0,1,"United States",NA,NA,38,-97,326687501,"USA","US",840,"USD",NA,"ChIJCzYy5IS16lQRQrfeQ5K5Oxw","United States","US",NA,"USA"
"59a13ceb",2022-03-01,78986396,950788,NA,827271976,560912617,254220389,218072648,35342,7148,NA,-2,-2,-2,-2,-1,-1,-1,4,2,3,1,-3,5,-2,52.6,53.24,60.12,0,1,"United States",NA,NA,38,-97,326687501,"USA","US",840,"USD",NA,"ChIJCzYy5IS16lQRQrfeQ5K5Oxw","United States","US",NA,"USA"
"59a13ceb",2022-03-02,79044542,953136,NA,828517572,561173438,254286874,218144573,33770,6797,NA,-2,-2,-2,-2,-1,-1,-1,4,2,3,1,-3,5,-2,52.6,53.24,60.12,0,1,"United States",NA,NA,38,-97,326687501,"USA","US",840,"USD",NA,"ChIJCzYy5IS16lQRQrfeQ5K5Oxw","United States","US",NA,"USA"
"59a13ceb",2022-03-03,79096279,955018,NA,829726397,561430273,254351765,218214209,31996,6488,NA,-2,-2,-2,-2,-1,-1,-1,4,2,3,1,-3,5,-2,52.6,53.24,60.12,0,1,"United States",NA,NA,38,-97,326687501,"USA","US",840,"USD",NA,"ChIJCzYy5IS16lQRQrfeQ5K5Oxw","United States","US",NA,"USA"
"59a13ceb",2022-03-04,79145866,956910,NA,830796369,561751731,254430100,218303497,29869,6039,NA,-2,-2,-2,-2,-1,-1,-1,4,2,3,1,-3,5,-2,52.6,53.24,60.12,0,1,"United States",NA,NA,38,-97,326687501,"USA","US",840,"USD",NA,"ChIJCzYy5IS16lQRQrfeQ5K5Oxw","United States","US",NA,"USA"
"59a13ceb",2022-03-05,79162481,957217,NA,831464823,561935089,254479592,218355810,27801,5681,NA,-2,-2,-2,-2,-1,-1,-1,4,2,3,1,-3,5,-2,52.6,53.24,60.12,0,1,"United States",NA,NA,38,-97,326687501,"USA","US",840,"USD",NA,"ChIJCzYy5IS16lQRQrfeQ5K5Oxw","United States","US",NA,"USA"
"59a13ceb",2022-03-06,79169256,957429,NA,831820318,562024775,254505851,218380677,27011,5492,NA,-2,-2,-2,-2,-1,-1,-1,4,2,3,1,-3,5,-2,52.6,53.24,60.12,0,1,"United States",NA,NA,38,-97,326687501,"USA","US",840,"USD",NA,"ChIJCzYy5IS16lQRQrfeQ5K5Oxw","United States","US",NA,"USA"
"59a13ceb",2022-03-07,79232308,959115,NA,832613626,562237424,254562245,218435723,26401,5345,NA,-2,-2,-2,-2,-1,-1,-1,4,2,3,1,-3,5,-2,52.6,53.24,60.12,0,1,"United States",NA,NA,38,-97,326687501,"USA","US",840,"USD",NA,"ChIJCzYy5IS16lQRQrfeQ5K5Oxw","United States","US",NA,"USA"
"59a13ceb",2022-03-08,79266324,960690,NA,833822537,562454188,254617323,218494537,25188,4988,NA,-2,-2,-2,-2,-1,-1,-1,4,2,3,1,-3,5,-2,52.6,53.24,60.12,0,1,"United States",NA,NA,38,-97,326687501,"USA","US",840,"USD",NA,"ChIJCzYy5IS16lQRQrfeQ5K5Oxw","United States","US",NA,"USA"
"59a13ceb",2022-03-09,79314028,962503,NA,834962148,562669739,254673234,218554135,24175,4743,NA,-2,-2,-2,-2,-1,-1,-1,4,2,3,1,-3,5,-2,52.6,53.24,60.12,0,1,"United States",NA,NA,38,-97,326687501,"USA","US",840,"USD",NA,"ChIJCzYy5IS16lQRQrfeQ5K5Oxw","United States","US",NA,"USA"
"59a13ceb",2022-03-10,79352221,964062,NA,835976902,562885177,254727872,218614000,22841,4440,NA,-2,-2,-2,-2,-1,-1,-1,4,2,3,1,-3,5,-2,52.6,53.24,60.12,0,1,"United States",NA,NA,38,-97,326687501,"USA","US",840,"USD",NA,"ChIJCzYy5IS16lQRQrfeQ5K5Oxw","United States","US",NA,"USA"
"59a13ceb",2022-03-11,79396596,965746,NA,836978185,563146937,254791971,218688220,21501,4174,NA,-2,-2,-2,-2,-1,-1,-1,4,2,3,1,-3,5,-2,52.6,53.24,60.12,0,1,"United States",NA,NA,38,-97,326687501,"USA","US",840,"USD",NA,"ChIJCzYy5IS16lQRQrfeQ5K5Oxw","United States","US",NA,"USA"
"59a13ceb",2022-03-12,79407518,966218,NA,837611294,563289928,254831219,218729619,20232,3882,NA,-2,-2,-2,-2,-1,-1,-1,4,2,3,1,-3,5,-2,52.6,53.24,60.12,0,1,"United States",NA,NA,38,-97,326687501,"USA","US",840,"USD",NA,"ChIJCzYy5IS16lQRQrfeQ5K5Oxw","United States","US",NA,"USA"
"59a13ceb",2022-03-13,79413908,966361,NA,837963317,563364529,254852858,218750613,19546,3777,NA,-2,-2,-2,-2,-1,-1,-1,4,2,3,1,-3,5,-2,52.6,53.24,60.12,0,1,"United States",NA,NA,38,-97,326687501,"USA","US",840,"USD",NA,"ChIJCzYy5IS16lQRQrfeQ5K5Oxw","United States","US",NA,"USA"
"59a13ceb",2022-03-14,79462956,963926,NA,838758789,563561897,254904538,218802359,19020,3681,NA,-2,-2,-2,-2,-1,-1,-1,4,2,3,1,-3,5,-2,52.6,53.24,60.12,0,1,"United States",NA,NA,38,-97,326687501,"USA","US",840,"USD",NA,"ChIJCzYy5IS16lQRQrfeQ5K5Oxw","United States","US",NA,"USA"
"59a13ceb",2022-03-15,79511352,965449,NA,839984557,563768629,254957307,218855360,18519,3504,NA,-2,-2,-2,-2,-1,-1,-1,4,2,3,1,-3,5,-2,52.6,53.24,60.12,0,1,"United States",NA,NA,38,-97,326687501,"USA","US",840,"USD",NA,"ChIJCzYy5IS16lQRQrfeQ5K5Oxw","United States","US",NA,"USA"
"59a13ceb",2022-03-16,79550748,967482,NA,841183223,563978689,255011765,218908174,17945,3453,NA,-2,-2,-2,-2,-1,-1,-2,4,2,3,1,-3,5,-2,55.73,58.8,63.69,0,1,"United States",NA,NA,38,-97,326687501,"USA","US",840,"USD",NA,"ChIJCzYy5IS16lQRQrfeQ5K5Oxw","United States","US",NA,"USA"
"59a13ceb",2022-03-17,79586734,968690,NA,842290190,564178672,255062448,218956788,17394,3296,NA,-2,-2,-2,-2,-1,-1,-2,4,2,3,1,-3,5,-2,55.73,58.8,63.69,0,1,"United States",NA,NA,38,-97,326687501,"USA","US",840,"USD",NA,"ChIJCzYy5IS16lQRQrfeQ5K5Oxw","United States","US",NA,"USA"
"59a13ceb",2022-03-18,79623203,969733,NA,843300968,564433896,255125343,219018830,16540,3129,NA,-2,-2,-2,-2,-1,-1,-2,4,2,3,1,-3,5,-2,55.73,58.8,63.69,0,1,"United States",NA,NA,38,-97,326687501,"USA","US",840,"USD",NA,"ChIJCzYy5IS16lQRQrfeQ5K5Oxw","United States","US",NA,"USA"
"59a13ceb",2022-03-19,79635322,970065,NA,843913936,564579801,255164427,219055851,15659,3040,NA,-2,-2,-2,-2,-1,-1,-2,4,2,3,1,-3,5,-2,55.73,58.8,63.69,0,1,"United States",NA,NA,38,-97,326687501,"USA","US",840,"USD",NA,"ChIJCzYy5IS16lQRQrfeQ5K5Oxw","United States","US",NA,"USA"
"59a13ceb",2022-03-20,79643175,970148,NA,844268636,564656100,255187129,219073740,15341,2937,NA,-2,-2,-2,-2,-1,-1,-2,4,2,3,1,-3,5,-2,55.73,58.8,63.69,0,1,"United States",NA,NA,38,-97,326687501,"USA","US",840,"USD",NA,"ChIJCzYy5IS16lQRQrfeQ5K5Oxw","United States","US",NA,"USA"
"59a13ceb",2022-03-21,79689310,971107,NA,845046988,564846603,255239064,219118859,15071,2869,NA,-2,-2,-2,-2,-1,-1,-2,4,2,3,1,-3,5,-2,55.73,58.8,63.69,0,1,"United States",NA,NA,38,-97,326687501,"USA","US",840,"USD",NA,"ChIJCzYy5IS16lQRQrfeQ5K5Oxw","United States","US",NA,"USA"
"59a13ceb",2022-03-22,79714979,972104,NA,846192404,565031036,255287315,219162952,14553,2738,NA,-2,-2,-2,-2,-1,-1,-2,4,2,3,1,-3,5,-2,55.73,58.8,63.69,0,1,"United States",NA,NA,38,-97,326687501,"USA","US",840,"USD",NA,"ChIJCzYy5IS16lQRQrfeQ5K5Oxw","United States","US",NA,"USA"
"59a13ceb",2022-03-23,79762066,973459,NA,847300512,565225609,255339779,219209772,14170,2593,NA,-2,-2,-2,-2,-1,-1,-2,4,2,3,1,-3,5,-2,55.73,58.8,63.69,0,1,"United States",NA,NA,38,-97,326687501,"USA","US",840,"USD",NA,"ChIJCzYy5IS16lQRQrfeQ5K5Oxw","United States","US",NA,"USA"
"59a13ceb",2022-03-24,79799812,974441,NA,848291349,565416046,255392789,219253214,13623,2499,NA,-2,-2,-2,-2,-1,-1,-2,4,2,3,1,-3,5,-2,55.73,58.8,63.69,0,1,"United States",NA,NA,38,-97,326687501,"USA","US",840,"USD",NA,"ChIJCzYy5IS16lQRQrfeQ5K5Oxw","United States","US",NA,"USA"
"59a13ceb",2022-03-25,79833549,975273,NA,849262770,565650169,255454802,219308829,13100,2314,NA,-2,-2,-2,-2,-1,-1,-2,4,2,3,1,-3,5,-2,55.73,58.8,63.69,0,1,"United States",NA,NA,38,-97,326687501,"USA","US",840,"USD",NA,"ChIJCzYy5IS16lQRQrfeQ5K5Oxw","United States","US",NA,"USA"
"59a13ceb",2022-03-26,79845604,975436,NA,849891566,565774773,255488955,219339297,12574,2214,NA,-2,-2,-2,-2,-1,-1,-2,4,2,3,1,-3,5,-2,55.73,58.8,63.69,0,1,"United States",NA,NA,38,-97,326687501,"USA","US",840,"USD",NA,"ChIJCzYy5IS16lQRQrfeQ5K5Oxw","United States","US",NA,"USA"
"59a13ceb",2022-03-27,79853102,975486,NA,850227637,565839302,255506986,219354325,12203,2170,NA,-2,-2,-2,-2,-1,-1,-2,4,2,3,1,-3,5,-2,55.73,58.8,63.69,0,1,"United States",NA,NA,38,-97,326687501,"USA","US",840,"USD",NA,"ChIJCzYy5IS16lQRQrfeQ5K5Oxw","United States","US",NA,"USA"
"59a13ceb",2022-03-28,79895338,976396,NA,850934608,566013474,255557331,219392898,12094,2134,NA,-2,-2,-2,-2,-1,-1,-2,4,2,3,1,-3,5,-2,55.73,58.8,63.69,0,1,"United States",NA,NA,38,-97,326687501,"USA","US",840,"USD",NA,"ChIJCzYy5IS16lQRQrfeQ5K5Oxw","United States","US",NA,"USA"
"59a13ceb",2022-03-29,79920966,977153,NA,851988727,566212168,255603959,219433061,11810,2091,NA,-2,-2,-2,-2,-1,-1,-2,4,2,3,1,-3,5,-2,55.73,58.8,63.69,0,1,"United States",NA,NA,38,-97,326687501,"USA","US",840,"USD",NA,"ChIJCzYy5IS16lQRQrfeQ5K5Oxw","United States","US",NA,"USA"
"59a13ceb",2022-03-30,79966408,978361,NA,853046155,566615694,255664242,219491194,11545,2026,NA,-2,-2,-1,-1,-1,0,-1,4,2,3,1,-2,5,-2,45.31,43.06,51.79,0,1,"United States",NA,NA,38,-97,326687501,"USA","US",840,"USD",NA,"ChIJCzYy5IS16lQRQrfeQ5K5Oxw","United States","US",NA,"USA"
"59a13ceb",2022-03-31,80004185,979236,NA,853999907,567173149,255739746,219557837,11294,1949,NA,-2,-2,-1,-1,-1,0,-1,4,2,3,1,-2,5,-2,45.31,43.06,51.79,0,1,"United States",NA,NA,38,-97,326687501,"USA","US",840,"USD",NA,"ChIJCzYy5IS16lQRQrfeQ5K5Oxw","United States","US",NA,"USA"
